<?xml version="1.0" encoding="UTF-8"?>
<metadata xml:lang="en">
	<Esri>
		<CreaDate>20240421</CreaDate>
		<CreaTime>16581900</CreaTime>
		<ArcGISFormat>1.0</ArcGISFormat>
		<SyncOnce>FALSE</SyncOnce>
		<DataProperties>
			<LayerFile>{"type":"CIMLayerDocument","version":"2.7.0","build":26828,"layers":["CIMPATH=map/new_weighted_zip5_2021_q4_xytabletopoint.xml"],"layerDefinitions":[{"type":"CIMFeatureLayer","name":"New_Weighted_ZIP5_2021_Q4_XYTableToPoint","uRI":"CIMPATH=map/new_weighted_zip5_2021_q4_xytabletopoint.xml","sourceModifiedTime":{"type":"TimeInstant"},"useSourceMetadata":true,"description":"New_Weighted_ZIP5_2021_Q4_XYTableToPoint","layerElevation":{"type":"CIMLayerElevationSurface","mapElevationID":"{FE9C2F2E-2C78-486F-9712-2D0136A75CDF}"},"expanded":true,"layerType":"Operational","showLegends":true,"visibility":true,"displayCacheType":"Permanent","maxDisplayCacheAge":5,"showPopups":true,"serviceLayerID":-1,"refreshRate":-1,"refreshRateUnit":"esriTimeUnitsSeconds","blendingMode":"Alpha","autoGenerateFeatureTemplates":true,"featureTable":{"type":"CIMFeatureTable","displayField":"STD_ZIP5","editable":true,"dataConnection":{"type":"CIMStandardDataConnection","workspaceConnectionString":"DATABASE=Population_Weighted_Centroids.gdb","workspaceFactory":"FileGDB","dataset":"New_Weighted_ZIP5_2021_Q4_XYTableToPoint","datasetType":"esriDTFeatureClass"},"studyAreaSpatialRel":"esriSpatialRelUndefined","searchOrder":"esriSearchOrderSpatial"},"htmlPopupEnabled":true,"selectable":true,"featureCacheType":"Session","displayFiltersType":"ByScale","featureBlendingMode":"Alpha","labelClasses":[{"type":"CIMLabelClass","expression":"$feature.OBJECTID","expressionEngine":"Arcade","featuresToLabel":"AllVisibleFeatures","maplexLabelPlacementProperties":{"type":"CIMMaplexLabelPlacementProperties","featureType":"Point","avoidPolygonHoles":true,"canOverrunFeature":true,"canPlaceLabelOutsidePolygon":true,"canRemoveOverlappingLabel":true,"canStackLabel":true,"connectionType":"Unambiguous","constrainOffset":"NoConstraint","contourAlignmentType":"Page","contourLadderType":"Straight","contourMaximumAngle":90,"enableConnection":true,"enablePointPlacementPriorities":true,"featureWeight":0,"fontHeightReductionLimit":4,"fontHeightReductionStep":0.5,"fontWidthReductionLimit":90,"fontWidthReductionStep":5,"graticuleAlignmentType":"Straight","keyNumberGroupName":"Default","labelBuffer":15,"labelLargestPolygon":true,"labelPriority":-1,"labelStackingProperties":{"type":"CIMMaplexLabelStackingProperties","stackAlignment":"ChooseBest","maximumNumberOfLines":3,"minimumNumberOfCharsPerLine":3,"maximumNumberOfCharsPerLine":24,"separators":[{"type":"CIMMaplexStackingSeparator","separator":" 
				","splitAfter":true},{"type":"CIMMaplexStackingSeparator","separator":",","visible":true,"splitAfter":true}]},"lineFeatureType":"General","linePlacementMethod":"OffsetCurvedFromLine","maximumLabelOverrun":36,"maximumLabelOverrunUnit":"Point","minimumFeatureSizeUnit":"Map","multiPartOption":"OneLabelPerPart","offsetAlongLineProperties":{"type":"CIMMaplexOffsetAlongLineProperties","placementMethod":"BestPositionAlongLine","labelAnchorPoint":"CenterOfLabel","distanceUnit":"Percentage","useLineDirection":true},"pointExternalZonePriorities":{"type":"CIMMaplexExternalZonePriorities","aboveLeft":4,"aboveCenter":2,"aboveRight":1,"centerRight":3,"belowRight":5,"belowCenter":7,"belowLeft":8,"centerLeft":6},"pointPlacementMethod":"AroundPoint","polygonAnchorPointType":"GeometricCenter","polygonBoundaryWeight":0,"polygonExternalZones":{"type":"CIMMaplexExternalZonePriorities","aboveLeft":4,"aboveCenter":2,"aboveRight":1,"centerRight":3,"belowRight":5,"belowCenter":7,"belowLeft":8,"centerLeft":6},"polygonFeatureType":"General","polygonInternalZones":{"type":"CIMMaplexInternalZonePriorities","center":1},"polygonPlacementMethod":"CurvedInPolygon","primaryOffset":1,"primaryOffsetUnit":"Point","removeExtraWhiteSpace":true,"repetitionIntervalUnit":"Point","rotationProperties":{"type":"CIMMaplexRotationProperties","rotationType":"Arithmetic","alignmentType":"Straight"},"secondaryOffset":100,"strategyPriorities":{"type":"CIMMaplexStrategyPriorities","stacking":1,"overrun":2,"fontCompression":3,"fontReduction":4,"abbreviation":5},"thinningDistanceUnit":"Point","truncationMarkerCharacter":".","truncationMinimumLength":1,"truncationPreferredCharacters":"aeiou","truncationExcludedCharacters":"0123456789","polygonAnchorPointPerimeterInsetUnit":"Point"},"name":"Class 1","priority":-1,"standardLabelPlacementProperties":{"type":"CIMStandardLabelPlacementProperties","featureType":"Line","featureWeight":"Low","labelWeight":"High","numLabelsOption":"OneLabelPerName","lineLabelPosition":{"type":"CIMStandardLineLabelPosition","above":true,"inLine":true,"parallel":true},"lineLabelPriorities":{"type":"CIMStandardLineLabelPriorities","aboveStart":3,"aboveAlong":3,"aboveEnd":3,"centerStart":3,"centerAlong":3,"centerEnd":3,"belowStart":3,"belowAlong":3,"belowEnd":3},"pointPlacementMethod":"AroundPoint","pointPlacementPriorities":{"type":"CIMStandardPointPlacementPriorities","aboveLeft":2,"aboveCenter":2,"aboveRight":1,"centerLeft":3,"centerRight":2,"belowLeft":3,"belowCenter":3,"belowRight":2},"rotationType":"Arithmetic","polygonPlacementMethod":"AlwaysHorizontal"},"textSymbol":{"type":"CIMSymbolReference","symbol":{"type":"CIMTextSymbol","blockProgression":"TTB","depth3D":1,"extrapolateBaselines":true,"fontEffects":"Normal","fontEncoding":"Unicode","fontFamilyName":"Tahoma","fontStyleName":"Regular","fontType":"Unspecified","haloSize":1,"height":10,"hinting":"Default","horizontalAlignment":"Left","kerning":true,"letterWidth":100,"ligatures":true,"lineGapType":"ExtraLeading","symbol":{"type":"CIMPolygonSymbol","symbolLayers":[{"type":"CIMSolidFill","enable":true,"color":{"type":"CIMRGBColor","values":[0,0,0,100]}}]},"textCase":"Normal","textDirection":"LTR","verticalAlignment":"Bottom","verticalGlyphOrientation":"Right","wordSpacing":100,"billboardMode3D":"FaceNearPlane"}},"useCodedValue":true,"visibility":true,"iD":-1}],"renderer":{"type":"CIMSimpleRenderer","patch":"Default","symbol":{"type":"CIMSymbolReference","symbol":{"type":"CIMPointSymbol","symbolLayers":[{"type":"CIMVectorMarker","enable":true,"anchorPoint":{"x":0,"y":-0.5},"anchorPointUnits":"Relative","dominantSizeAxis3D":"Y","size":12,"billboardMode3D":"FaceNearPlane","frame":{"xmin":0,"ymin":0,"xmax":21,"ymax":21},"markerGraphics":[{"type":"CIMMarkerGraphic","geometry":{"curveRings":[[[17.17000000000000171,14.33],{"b":[[10.5,0],[17.17000000000000171,10.65],[12.38000000000000078,6.1500000000000004]]},{"b":[[3.8300000000000001,14.33],[8.6500000000000004,6.1799999999999997],[3.8300000000000001,10.65]]},{"b":[[10.5,21],[3.8300000000000001,18.01000000000000156],[6.8200000000000003,21]]},{"b":[[17.17000000000000171,14.33],[14.19,21],[17.17000000000000171,18.01000000000000156]]}]]},"symbol":{"type":"CIMPolygonSymbol","symbolLayers":[{"type":"CIMSolidStroke","enable":true,"capStyle":"Round","joinStyle":"Round","lineStyle3D":"Strip","miterLimit":10,"width":0,"color":{"type":"CIMRGBColor","values":[110,110,110,100]}},{"type":"CIMSolidFill","enable":true,"color":{"type":"CIMRGBColor","values":[0,122,194,80]}}]}}],"scaleSymbolsProportionally":true,"respectFrame":true}],"haloSize":1,"scaleX":1,"angleAlignment":"Display"}}},"scaleSymbols":true,"snappable":true}]}</LayerFile>
			<itemProps>
				<itemName Sync="TRUE">ZIP_CODE_CENTROID</itemName>
				<nativeExtBox>
					<westBL Sync="TRUE">-161.899400</westBL>
					<eastBL Sync="TRUE">-64.710952</eastBL>
					<southBL Sync="TRUE">13.402812</southBL>
					<northBL Sync="TRUE">65.112700</northBL>
					<exTypeCode Sync="TRUE">1</exTypeCode>
				</nativeExtBox>
				<imsContentType Sync="TRUE">002</imsContentType></itemProps>
			<coordRef>
				<type Sync="TRUE">Geographic</type>
				<geogcsn Sync="TRUE">GCS_WGS_1984</geogcsn>
				<csUnits Sync="TRUE">Angular Unit: Degree (0.017453)</csUnits>
				<peXml Sync="TRUE">&lt;GeographicCoordinateSystem xsi:type='typens:GeographicCoordinateSystem' xmlns:xsi='http://www.w3.org/2001/XMLSchema-instance' xmlns:xs='http://www.w3.org/2001/XMLSchema' xmlns:typens='http://www.esri.com/schemas/ArcGIS/2.9.0'&gt;&lt;WKT&gt;GEOGCS[&amp;quot;GCS_WGS_1984&amp;quot;,DATUM[&amp;quot;D_WGS_1984&amp;quot;,SPHEROID[&amp;quot;WGS_1984&amp;quot;,6378137.0,298.257223563]],PRIMEM[&amp;quot;Greenwich&amp;quot;,0.0],UNIT[&amp;quot;Degree&amp;quot;,0.0174532925199433],AUTHORITY[&amp;quot;EPSG&amp;quot;,4326]]&lt;/WKT&gt;&lt;XOrigin&gt;-400&lt;/XOrigin&gt;&lt;YOrigin&gt;-400&lt;/YOrigin&gt;&lt;XYScale&gt;999999999.99999988&lt;/XYScale&gt;&lt;ZOrigin&gt;-100000&lt;/ZOrigin&gt;&lt;ZScale&gt;10000&lt;/ZScale&gt;&lt;MOrigin&gt;-100000&lt;/MOrigin&gt;&lt;MScale&gt;10000&lt;/MScale&gt;&lt;XYTolerance&gt;8.983152841195215e-09&lt;/XYTolerance&gt;&lt;ZTolerance&gt;0.001&lt;/ZTolerance&gt;&lt;MTolerance&gt;0.001&lt;/MTolerance&gt;&lt;HighPrecision&gt;true&lt;/HighPrecision&gt;&lt;LeftLongitude&gt;-180&lt;/LeftLongitude&gt;&lt;WKID&gt;4326&lt;/WKID&gt;&lt;LatestWKID&gt;4326&lt;/LatestWKID&gt;&lt;/GeographicCoordinateSystem&gt;</peXml>
			</coordRef>
		</DataProperties>
		<SyncDate>20240419</SyncDate>
		<SyncTime>18515100</SyncTime>
		<ModDate>20240419</ModDate>
		<ModTime>18515100</ModTime>
	</Esri>
	<mdChar>
		<CharSetCd value="004"/>
	</mdChar>
	<mdHrLv>
		<ScopeCd value="005"/>
	</mdHrLv>
	<mdContact>
		<rpIndName>HUD eGIS Team</rpIndName>
		<rpOrgName>U.S. Department of Housing and Urban Development</rpOrgName>
		<rpCntInfo>
			<cntPhone>
				<voiceNum>502-618-8121</voiceNum>
			</cntPhone>
			<cntAddress addressType="postal">
				<delPoint>451 7th Street SW rm. 8126</delPoint>
				<city>Washington</city>
				<adminArea>D.C.</adminArea>
				<postCode>20410-0001</postCode>
				<country>US</country>
				<eMailAdd>GIShelpdesk@hud.gov</eMailAdd>
			</cntAddress>
		</rpCntInfo>
		<role>
			<RoleCd value="007"/>
		</role>
	</mdContact>
	<mdDateSt>20240419</mdDateSt>
	<mdStanName>ArcGIS Metadata</mdStanName>
	<mdStanVer>1.0</mdStanVer>
	<dataIdInfo>
		<idCitation>
			<resTitle>ZIP Code Population Weighted Centroids</resTitle>
			<date>
				<pubDate>2024-04-19</pubDate>
			</date>
			<presForm>
				<PresFormCd value="005"/>
			</presForm>
			<presForm>
				<fgdcGeoform>vector digital data</fgdcGeoform>
			</presForm>
		</idCitation>
		<idAbs>Population weighted centroids are a common tool for spatial analysis, particularly when more granular data is unavailable or researchers lack sophisticated geocoding tools. The ZIP Code Population Weighted Centroids allows researchers and analysts to estimate the center of population in a given geography rather than the geometric center. Data to estimate ZIP code centroids is extracted from administrative USPS address data. The population weighted centroids are based on the number of residential addresses in the component ZIP+4 (also sometimes referred to as 'ZIP9') locations for each ZIP code. The data is based on ZIP+4 centroids, not ZIP Code Tabulation Areas (ZCTAs).To learn more about administrative USPS address data, please visit: https://www.huduser.gov/portal/datasets/usps.htmlData Dictionary: DD_ZIP Code Population Weighted CentroidsDate of Coverage: 06/2021</idAbs>
		<idPurp>This dataset denotes ZIP Code centroid locations weighted by population. Population weighted centroids are a common tool for spatial analysis, particularly when more granular data is unavailable or researchers lack sophisticated geocoding tools. The ZIP Code Population Weighted Centroids allows researchers and analysts to estimate the center of population in a given geography rather than the geometric center.</idPurp>
		<idCredit>U.S. Department of Housing and Urban Development, U.S. Census Bureau</idCredit>
		<idStatus>
			<ProgCd value="007"/>
		</idStatus>
		<idPoC>
			<rpIndName>HUD eGIS Team</rpIndName>
			<rpOrgName>U.S. Department of Housing and Urban Development</rpOrgName>
			<rpCntInfo>
				<cntPhone>
					<voiceNum>502-618-8121</voiceNum>
				</cntPhone>
				<cntAddress addressType="postal">
					<delPoint>451 7th Street SW rm. 8126</delPoint>
					<city>Washington</city>
					<adminArea>D.C.</adminArea>
					<postCode>20410-0001</postCode>
					<country>US</country>
					<eMailAdd>GIShelpdesk@hud.gov</eMailAdd>
				</cntAddress>
			</rpCntInfo>
			<role>
				<RoleCd value="007"/>
			</role>
		</idPoC>
		<resMaint>
			<maintFreq>
				<MaintFreqCd value="008"/>
			</maintFreq>
		</resMaint>
		<graphOver>
			<bgFileName>https://hud.maps.arcgis.com/sharing/rest/content/items/d032efff520b4bf0aa620a54a477c70e/info/thumbnail/thumbnail.png?</bgFileName>
			<bgFileDesc>Marginal and subscript text featuring image of geographic feature content. Department of Housing and Urban Development and eGIS logo in bottom right.</bgFileDesc>
			<bgFileType>PNG</bgFileType>
		</graphOver>
		<placeKeys>
			<keyword>UNITED STATES OF AMERICA</keyword>
			<thesaName>
				<resTitle>ISO 3166 — Codes for the representation of names of countries and their subdivisions</resTitle>
			</thesaName>
		</placeKeys>
		<themeKeys>
			<keyword>zip</keyword>
			<keyword>code</keyword>
			<keyword>centroid</keyword>
			<keyword>population</keyword>
			<keyword>weighted</keyword>
			<keyword>hud</keyword>
			<keyword>usps</keyword>
		</themeKeys>
		<themeKeys>
			<keyword>Boundaries</keyword>
			<keyword>Economy</keyword>
			<keyword>Location</keyword>
			<keyword>Society</keyword>
			<thesaName>
				<resTitle>ISO 19115 Topic Category</resTitle>
			</thesaName>
		</themeKeys>
		<searchKeys>
			<keyword>zip</keyword>
			<keyword>code</keyword>
			<keyword>centroid</keyword>
			<keyword>population</keyword>
			<keyword>weighted</keyword>
			<keyword>hud</keyword>
			<keyword>usps</keyword>
			<keyword>Boundaries</keyword>
			<keyword>Economy</keyword>
			<keyword>Location</keyword>
			<keyword>Society</keyword>
			<keyword>UNITED STATES OF AMERICA</keyword>
		</searchKeys>
		<resConst>
			<Consts><useLimit>HUD and the dataset and metadata authors assume no responsibility for the use or misuse of the dataset. No warranty, expressed or implied is made with regard to the accuracy of the spatial accuracy, and no liability is assumed by the U.S. Government in general, the dataset creators or the U.S. Department of Housing and Urban Development specifically, as to the spatial or attribute accuracy of the data.</useLimit>
			</Consts>
		</resConst>
		<resConst>
			<LegConsts>
				<accessConsts>
					<RestrictCd value="008"/>
				</accessConsts>
				<othConsts>Other Constraints</othConsts>
			</LegConsts>
		</resConst>
		<resConst>
			<SecConsts>
				<class>
					<ClasscationCd value="001"/>
				</class>
				<classSys>United States Federal Classification System</classSys>
				<handDesc>At will.</handDesc>
			</SecConsts>
		</resConst>
		<spatRpType>
			<SpatRepTypCd value="001"/>
		</spatRpType>
		<tpCat>
			<TopicCatCd value="003"/>
		</tpCat>
		<tpCat>
			<TopicCatCd value="005"/>
		</tpCat>
		<tpCat>
			<TopicCatCd value="013"/>
		</tpCat>
		<tpCat>
			<TopicCatCd value="016"/>
		</tpCat>
		<dataExt>
			<geoEle>
				<GeoBndBox>
					<exTypeCode>true</exTypeCode>
					<westBL>-175.298700</westBL>
					<eastBL>-64.713550</eastBL>
					<northBL>71.298926</northBL>
					<southBL>13.390700</southBL>
				</GeoBndBox>
			</geoEle>
		</dataExt>
		<envirDesc Sync="FALSE">Esri ArcGIS 12.9.3.32739</envirDesc><dataLang><languageCode value="eng" Sync="TRUE"/><countryCode value="USA" Sync="TRUE"/></dataLang><dataExt><geoEle><GeoBndBox esriExtentType="search"><exTypeCode Sync="TRUE">1</exTypeCode><westBL Sync="TRUE">-161.899400</westBL><eastBL Sync="TRUE">-64.710952</eastBL><northBL Sync="TRUE">65.112700</northBL><southBL Sync="TRUE">13.402812</southBL></GeoBndBox></geoEle></dataExt></dataIdInfo>
	<mdConst>
		<SecConsts>
			<class>
				<ClasscationCd value="001"/>
			</class>
			<classSys>United States Federal Classification System</classSys>
			<handDesc>At will.</handDesc>
		</SecConsts>
	</mdConst>
	<spatRepInfo>
		<VectSpatRep><geometObjs Name="ZIP_CODE_CENTROID"><geoObjTyp><GeoObjTypCd value="004" Sync="TRUE"/></geoObjTyp><geoObjCnt Sync="TRUE">29544</geoObjCnt></geometObjs><topLvl><TopoLevCd value="001" Sync="TRUE"/></topLvl></VectSpatRep></spatRepInfo>
	<eainfo><detailed Name="ZIP_CODE_CENTROID"><enttyp><enttypl>ZIP Code Population Weighted Centroids</enttypl><enttypd>ZIP Code centroid locations weighted by population.

Population weighted centroids are a common tool for spatial analysis, particularly when more granular data is unavailable or researchers lack sophisticated geocoding tools. The ZIP Code Population Weighted Centroids allows researchers and analysts to estimate the center of population in a given geography rather than the geometric center.</enttypd><enttypds>U.S. Department of Housing and Urban Development</enttypds><enttypt Sync="TRUE">Feature Class</enttypt><enttypc Sync="TRUE">29544</enttypc></enttyp><attr><attrlabl>OBJECTID</attrlabl><attrdef>In ArcGIS, a system-managed value that uniquely identifies a record or feature.</attrdef><attrdefs>HUD Authors</attrdefs><attalias Sync="TRUE">OBJECTID</attalias><attrtype Sync="TRUE">OID</attrtype><attwidth Sync="TRUE">4</attwidth><atprecis Sync="TRUE">0</atprecis><attscale Sync="TRUE">0</attscale><attrdomv><udom Sync="TRUE">Sequential unique whole numbers that are automatically generated.</udom></attrdomv></attr><attr><attrlabl>LONGITUDE</attrlabl><attrdef>Longitude (decimal)</attrdef><attrdefs>HUD Authors</attrdefs><attalias Sync="TRUE">Shape</attalias><attrtype Sync="TRUE">Geometry</attrtype><attwidth Sync="TRUE">0</attwidth><atprecis Sync="TRUE">0</atprecis><attscale Sync="TRUE">0</attscale><attrdomv><udom Sync="TRUE">Coordinates defining the features.</udom></attrdomv></attr><attr><attrlabl>STD_ZIP5</attrlabl><attrdef>USPS Standardized ZIP Code</attrdef><attrdefs>HUD Authors</attrdefs><attalias Sync="TRUE">STD_ZIP5</attalias><attrtype Sync="TRUE">String</attrtype><attwidth Sync="TRUE">255</attwidth><atprecis Sync="TRUE">0</atprecis><attscale Sync="TRUE">0</attscale></attr><attr><attrlabl>USPS_ZIP_PREF_CITY</attrlabl><attrdef>Preferred mailing City</attrdef><attrdefs>HUD Authors</attrdefs><attalias Sync="TRUE">USPS_ZIP_PREF_CITY_1221</attalias><attrtype Sync="TRUE">String</attrtype><attwidth Sync="TRUE">255</attwidth><atprecis Sync="TRUE">0</atprecis><attscale Sync="TRUE">0</attscale></attr><attr><attrlabl Sync="TRUE">USPS_ZIP_PREF_STATE</attrlabl><attalias Sync="TRUE">USPS_ZIP_PREF_STATE_1221</attalias><attrtype Sync="TRUE">String</attrtype><attwidth Sync="TRUE">255</attwidth><atprecis Sync="TRUE">0</atprecis><attscale Sync="TRUE">0</attscale></attr><attr><attrlabl>USPS_ZIP_PREF_CITY</attrlabl><attrdef>Preferred mailing State</attrdef><attrdefs>HUD Authors</attrdefs><attalias Sync="TRUE">LATITUDE</attalias><attrtype Sync="TRUE">String</attrtype><attwidth Sync="TRUE">255</attwidth><atprecis Sync="TRUE">0</atprecis><attscale Sync="TRUE">0</attscale></attr><attr><attrlabl>LATITUDE</attrlabl><attrdef>Latitude (decimal) </attrdef><attrdefs>HUD Authors</attrdefs><attalias Sync="TRUE">LONGITUDE</attalias><attrtype Sync="TRUE">String</attrtype><attwidth Sync="TRUE">255</attwidth><atprecis Sync="TRUE">0</atprecis><attscale Sync="TRUE">0</attscale></attr></detailed></eainfo>
	<mdLang><languageCode value="eng" Sync="TRUE"/><countryCode value="USA" Sync="TRUE"/></mdLang><distInfo><distFormat><formatName Sync="TRUE">File Geodatabase Feature Class</formatName></distFormat></distInfo><mdHrLvName Sync="TRUE">dataset</mdHrLvName><refSysInfo><RefSystem><refSysID><identCode code="4326" Sync="TRUE"/><idCodeSpace Sync="TRUE">EPSG</idCodeSpace><idVersion Sync="TRUE">6.2(3.0.1)</idVersion></refSysID></RefSystem></refSysInfo><spdoinfo><ptvctinf><esriterm Name="ZIP_CODE_CENTROID"><efeatyp Sync="TRUE">Simple</efeatyp><efeageom code="1" Sync="TRUE"/><esritopo Sync="TRUE">FALSE</esritopo><efeacnt Sync="TRUE">29544</efeacnt><spindex Sync="TRUE">TRUE</spindex><linrefer Sync="TRUE">FALSE</linrefer></esriterm></ptvctinf></spdoinfo></metadata>
